backend,operation,thread_mode,qtype,rows,width,shape,iterations,ms,input_gb_s,output_gb_s,encoded_bytes,decoded_bytes,notes
cuda,quantize,,IQ2_XXS,1,4096,1x4096,10,39.202200,0.000418,,1056,16384,
cuda,dequantize,,IQ2_XXS,1,4096,1x4096,200,0.008106,0.130273,2.021199,1056,16384,
libgguf_cpu,quantize,1_thread,IQ2_XXS,1,4096,1x4096,10,1.516412,0.010804,,1056,16384,
libgguf_cpu,dequantize,1_thread,IQ2_XXS,1,4096,1x4096,50,0.018052,0.058497,0.907585,1056,16384,
libgguf_cpu,quantize,default,IQ2_XXS,1,4096,1x4096,10,1.375097,0.011915,,1056,16384,
libgguf_cpu,dequantize,default,IQ2_XXS,1,4096,1x4096,50,0.014136,0.074701,1.159001,1056,16384,
cuda,quantize,,IQ2_XS,1,4096,1x4096,10,113.340417,0.000145,,1184,16384,
cuda,dequantize,,IQ2_XS,1,4096,1x4096,200,0.011556,0.102458,1.417792,1184,16384,
libgguf_cpu,quantize,1_thread,IQ2_XS,1,4096,1x4096,10,3.623976,0.004521,,1184,16384,
libgguf_cpu,dequantize,1_thread,IQ2_XS,1,4096,1x4096,50,0.017369,0.068169,0.943317,1184,16384,
libgguf_cpu,quantize,default,IQ2_XS,1,4096,1x4096,10,3.318784,0.004937,,1184,16384,
libgguf_cpu,dequantize,default,IQ2_XS,1,4096,1x4096,50,0.009118,0.129851,1.796857,1184,16384,
cuda,quantize,,IQ2_S,1,4096,1x4096,10,151.896045,0.000108,,1312,16384,
cuda,dequantize,,IQ2_S,1,4096,1x4096,200,0.008561,0.153260,1.913876,1312,16384,
libgguf_cpu,quantize,1_thread,IQ2_S,1,4096,1x4096,10,1.045118,0.015677,,1312,16384,
libgguf_cpu,dequantize,1_thread,IQ2_S,1,4096,1x4096,50,0.017170,0.076411,0.954206,1312,16384,
libgguf_cpu,quantize,default,IQ2_S,1,4096,1x4096,10,0.961465,0.017041,,1312,16384,
libgguf_cpu,dequantize,default,IQ2_S,1,4096,1x4096,50,0.010491,0.125065,1.561788,1312,16384,
cuda,quantize,,IQ3_XXS,1,4096,1x4096,10,238.959619,0.000069,,1568,16384,
cuda,dequantize,,IQ3_XXS,1,4096,1x4096,200,0.008474,0.185045,1.933535,1568,16384,
libgguf_cpu,quantize,1_thread,IQ3_XXS,1,4096,1x4096,10,2.168521,0.007555,,1568,16384,
libgguf_cpu,dequantize,1_thread,IQ3_XXS,1,4096,1x4096,50,0.017039,0.092025,0.961564,1568,16384,
libgguf_cpu,quantize,default,IQ3_XXS,1,4096,1x4096,10,2.161498,0.007580,,1568,16384,
libgguf_cpu,dequantize,default,IQ3_XXS,1,4096,1x4096,50,0.016729,0.093731,0.979395,1568,16384,
cuda,quantize,,IQ3_S,1,4096,1x4096,10,214.322681,0.000076,,1760,16384,
cuda,dequantize,,IQ3_S,1,4096,1x4096,200,0.008407,0.209348,1.948843,1760,16384,
libgguf_cpu,quantize,1_thread,IQ3_S,1,4096,1x4096,10,1.276999,0.012830,,1760,16384,
libgguf_cpu,dequantize,1_thread,IQ3_S,1,4096,1x4096,50,0.017501,0.100565,0.936169,1760,16384,
libgguf_cpu,quantize,default,IQ3_S,1,4096,1x4096,10,1.345547,0.012176,,1760,16384,
libgguf_cpu,dequantize,default,IQ3_S,1,4096,1x4096,50,0.010508,0.167486,1.559142,1760,16384,
cuda,quantize,,IQ1_S,1,4096,1x4096,10,28.725653,0.000570,,800,16384,
cuda,dequantize,,IQ1_S,1,4096,1x4096,200,0.008412,0.095100,1.947657,800,16384,
libgguf_cpu,quantize,1_thread,IQ1_S,1,4096,1x4096,10,0.601089,0.027257,,800,16384,
libgguf_cpu,dequantize,1_thread,IQ1_S,1,4096,1x4096,50,0.016197,0.049391,1.011525,800,16384,
libgguf_cpu,quantize,default,IQ1_S,1,4096,1x4096,10,0.579093,0.028293,,800,16384,
libgguf_cpu,dequantize,default,IQ1_S,1,4096,1x4096,50,0.012392,0.064556,1.322109,800,16384,
cuda,quantize,,IQ1_M,1,4096,1x4096,10,30.039551,0.000545,,896,16384,
cuda,dequantize,,IQ1_M,1,4096,1x4096,200,0.009253,0.096834,1.770677,896,16384,
libgguf_cpu,quantize,1_thread,IQ1_M,1,4096,1x4096,10,2.139590,0.007658,,896,16384,
libgguf_cpu,dequantize,1_thread,IQ1_M,1,4096,1x4096,50,0.011519,0.077788,1.422403,896,16384,
libgguf_cpu,quantize,default,IQ1_M,1,4096,1x4096,10,2.138985,0.007660,,896,16384,
libgguf_cpu,dequantize,default,IQ1_M,1,4096,1x4096,50,0.008878,0.100929,1.845557,896,16384,
cuda,quantize,,IQ4_NL,1,4096,1x4096,200,0.192665,0.085039,,2304,16384,
cuda,dequantize,,IQ4_NL,1,4096,1x4096,200,0.010824,0.212867,1.513718,2304,16384,
libgguf_cpu,quantize,1_thread,IQ4_NL,1,4096,1x4096,50,0.930774,0.017603,,2304,16384,
libgguf_cpu,dequantize,1_thread,IQ4_NL,1,4096,1x4096,50,0.010807,0.213200,1.516091,2304,16384,
libgguf_cpu,quantize,default,IQ4_NL,1,4096,1x4096,50,1.058100,0.015484,,2304,16384,
libgguf_cpu,dequantize,default,IQ4_NL,1,4096,1x4096,50,0.012129,0.189956,1.350797,2304,16384,
cuda,quantize,,IQ4_XS,1,4096,1x4096,200,1.511081,0.010843,,2176,16384,
cuda,dequantize,,IQ4_XS,1,4096,1x4096,200,0.010485,0.207535,1.562619,2176,16384,
libgguf_cpu,quantize,1_thread,IQ4_XS,1,4096,1x4096,50,0.949204,0.017261,,2176,16384,
libgguf_cpu,dequantize,1_thread,IQ4_XS,1,4096,1x4096,50,0.017592,0.123695,0.931348,2176,16384,
libgguf_cpu,quantize,default,IQ4_XS,1,4096,1x4096,50,1.006329,0.016281,,2176,16384,
libgguf_cpu,dequantize,default,IQ4_XS,1,4096,1x4096,50,0.020057,0.108490,0.816868,2176,16384,
cuda,quantize,,MXFP4,1,4096,1x4096,200,0.008228,1.991288,,2176,16384,
cuda,dequantize,,MXFP4,1,4096,1x4096,200,0.008493,0.256212,1.929127,2176,16384,
libgguf_cpu,quantize,1_thread,MXFP4,1,4096,1x4096,50,0.029465,0.556056,,2176,16384,
libgguf_cpu,dequantize,1_thread,MXFP4,1,4096,1x4096,50,0.020174,0.107864,0.812154,2176,16384,
libgguf_cpu,quantize,default,MXFP4,1,4096,1x4096,50,0.020561,0.796830,,2176,16384,
libgguf_cpu,dequantize,default,MXFP4,1,4096,1x4096,50,0.012906,0.168607,1.269513,2176,16384,
cuda,quantize,,NVFP4,1,4096,1x4096,200,0.011132,1.471793,,2304,16384,
cuda,dequantize,,NVFP4,1,4096,1x4096,200,0.010040,0.229475,1.631820,2304,16384,
libgguf_cpu,quantize,1_thread,NVFP4,1,4096,1x4096,50,0.030713,0.533451,,2304,16384,
libgguf_cpu,dequantize,1_thread,NVFP4,1,4096,1x4096,50,0.011252,0.204765,1.456107,2304,16384,
libgguf_cpu,quantize,default,NVFP4,1,4096,1x4096,50,0.022282,0.735299,,2304,16384,
libgguf_cpu,dequantize,default,NVFP4,1,4096,1x4096,50,0.010592,0.217524,1.546836,2304,16384,
cuda,quantize,,Q1_0,1,4096,1x4096,200,0.009062,1.807910,,576,16384,
cuda,dequantize,,Q1_0,1,4096,1x4096,200,0.008423,0.068386,1.945215,576,16384,
libgguf_cpu,quantize,1_thread,Q1_0,1,4096,1x4096,50,0.010252,1.598168,,576,16384,
libgguf_cpu,dequantize,1_thread,Q1_0,1,4096,1x4096,50,0.012827,0.044907,1.277351,576,16384,
libgguf_cpu,quantize,default,Q1_0,1,4096,1x4096,50,0.015201,1.077788,,576,16384,
libgguf_cpu,dequantize,default,Q1_0,1,4096,1x4096,50,0.010820,0.053235,1.514242,576,16384,
cuda,quantize,,Q2_K,1,4096,1x4096,200,0.136888,0.119689,,1344,16384,
cuda,dequantize,,Q2_K,1,4096,1x4096,200,0.009390,0.143130,1.744820,1344,16384,
libgguf_cpu,quantize,1_thread,Q2_K,1,4096,1x4096,50,0.249848,0.065576,,1344,16384,
libgguf_cpu,dequantize,1_thread,Q2_K,1,4096,1x4096,50,0.019339,0.069495,0.847179,1344,16384,
libgguf_cpu,quantize,default,Q2_K,1,4096,1x4096,50,0.251544,0.065134,,1344,16384,
libgguf_cpu,dequantize,default,Q2_K,1,4096,1x4096,50,0.009685,0.138766,1.691629,1344,16384,
cuda,quantize,,Q3_K,1,4096,1x4096,200,0.116986,0.140051,,1760,16384,
cuda,dequantize,,Q3_K,1,4096,1x4096,200,0.008387,0.209860,1.953602,1760,16384,
libgguf_cpu,quantize,1_thread,Q3_K,1,4096,1x4096,50,0.041515,0.394649,,1760,16384,
libgguf_cpu,dequantize,1_thread,Q3_K,1,4096,1x4096,50,0.011428,0.154003,1.433629,1760,16384,
libgguf_cpu,quantize,default,Q3_K,1,4096,1x4096,50,0.029401,0.557263,,1760,16384,
libgguf_cpu,dequantize,default,Q3_K,1,4096,1x4096,50,0.021647,0.081305,0.756876,1760,16384,
cuda,quantize,,Q4_0,1,4096,1x4096,200,0.008330,1.966810,,2304,16384,
cuda,dequantize,,Q4_0,1,4096,1x4096,200,0.010655,0.216239,1.537699,2304,16384,
libgguf_cpu,quantize,1_thread,Q4_0,1,4096,1x4096,50,0.011442,1.431950,,2304,16384,
libgguf_cpu,dequantize,1_thread,Q4_0,1,4096,1x4096,50,0.010902,0.211331,1.502796,2304,16384,
libgguf_cpu,quantize,default,Q4_0,1,4096,1x4096,50,0.011062,1.481142,,2304,16384,
libgguf_cpu,dequantize,default,Q4_0,1,4096,1x4096,50,0.007104,0.324335,2.306384,2304,16384,
cuda,quantize,,Q4_1,1,4096,1x4096,200,0.009103,1.799902,,2560,16384,
cuda,dequantize,,Q4_1,1,4096,1x4096,200,0.010081,0.253944,1.625242,2560,16384,
libgguf_cpu,quantize,1_thread,Q4_1,1,4096,1x4096,50,0.010467,1.565280,,2560,16384,
libgguf_cpu,dequantize,1_thread,Q4_1,1,4096,1x4096,50,0.014159,0.180807,1.157167,2560,16384,
libgguf_cpu,quantize,default,Q4_1,1,4096,1x4096,50,0.019334,0.847441,,2560,16384,
libgguf_cpu,dequantize,default,Q4_1,1,4096,1x4096,50,0.013241,0.193346,1.237411,2560,16384,
cuda,quantize,,Q4_K,1,4096,1x4096,200,0.172657,0.094894,,2304,16384,
cuda,dequantize,,Q4_K,1,4096,1x4096,200,0.009390,0.245365,1.744820,2304,16384,
libgguf_cpu,quantize,1_thread,Q4_K,1,4096,1x4096,50,0.257732,0.063570,,2304,16384,
libgguf_cpu,dequantize,1_thread,Q4_K,1,4096,1x4096,50,0.007321,0.314730,2.238079,2304,16384,
libgguf_cpu,quantize,default,Q4_K,1,4096,1x4096,50,0.264576,0.061926,,2304,16384,
libgguf_cpu,dequantize,default,Q4_K,1,4096,1x4096,50,0.010553,0.218319,1.552491,2304,16384,
cuda,quantize,,Q5_0,1,4096,1x4096,200,0.008510,1.925174,,2816,16384,
cuda,dequantize,,Q5_0,1,4096,1x4096,200,0.009523,0.295699,1.720430,2816,16384,
libgguf_cpu,quantize,1_thread,Q5_0,1,4096,1x4096,50,0.011908,1.375912,,2816,16384,
libgguf_cpu,dequantize,1_thread,Q5_0,1,4096,1x4096,50,0.013586,0.207276,1.205972,2816,16384,
libgguf_cpu,quantize,default,Q5_0,1,4096,1x4096,50,0.011859,1.381527,,2816,16384,
libgguf_cpu,dequantize,default,Q5_0,1,4096,1x4096,50,0.010174,0.276775,1.610325,2816,16384,
cuda,quantize,,Q5_1,1,4096,1x4096,200,0.008234,1.989818,,3072,16384,
cuda,dequantize,,Q5_1,1,4096,1x4096,200,0.012416,0.247423,1.319588,3072,16384,
libgguf_cpu,quantize,1_thread,Q5_1,1,4096,1x4096,50,0.021943,0.746673,,3072,16384,
libgguf_cpu,dequantize,1_thread,Q5_1,1,4096,1x4096,50,0.019241,0.159662,0.851528,3072,16384,
libgguf_cpu,quantize,default,Q5_1,1,4096,1x4096,50,0.023860,0.686670,,3072,16384,
libgguf_cpu,dequantize,default,Q5_1,1,4096,1x4096,50,0.017983,0.170823,0.911057,3072,16384,
cuda,quantize,,Q5_K,1,4096,1x4096,200,0.169267,0.096794,,2816,16384,
cuda,dequantize,,Q5_K,1,4096,1x4096,200,0.011510,0.244662,1.423488,2816,16384,
libgguf_cpu,quantize,1_thread,Q5_K,1,4096,1x4096,50,0.232665,0.070419,,2816,16384,
libgguf_cpu,dequantize,1_thread,Q5_K,1,4096,1x4096,50,0.014891,0.189104,1.100240,2816,16384,
libgguf_cpu,quantize,default,Q5_K,1,4096,1x4096,50,0.208654,0.078522,,2816,16384,
libgguf_cpu,dequantize,default,Q5_K,1,4096,1x4096,50,0.007321,0.384670,2.238081,2816,16384,
cuda,quantize,,Q6_K,1,4096,1x4096,200,0.097193,0.168572,,3360,16384,
cuda,dequantize,,Q6_K,1,4096,1x4096,200,0.008407,0.399650,1.948769,3360,16384,
libgguf_cpu,quantize,1_thread,Q6_K,1,4096,1x4096,50,0.166806,0.098222,,3360,16384,
libgguf_cpu,dequantize,1_thread,Q6_K,1,4096,1x4096,50,0.018100,0.185632,0.905178,3360,16384,
libgguf_cpu,quantize,default,Q6_K,1,4096,1x4096,50,0.165613,0.098929,,3360,16384,
libgguf_cpu,dequantize,default,Q6_K,1,4096,1x4096,50,0.012445,0.269994,1.316540,3360,16384,
cuda,quantize,,Q8_0,1,4096,1x4096,200,0.008755,1.871345,,4352,16384,
cuda,dequantize,,Q8_0,1,4096,1x4096,200,0.008515,0.511124,1.924233,4352,16384,
libgguf_cpu,quantize,1_thread,Q8_0,1,4096,1x4096,50,0.017139,0.955953,,4352,16384,
libgguf_cpu,dequantize,1_thread,Q8_0,1,4096,1x4096,50,0.008175,0.532331,2.004071,4352,16384,
libgguf_cpu,quantize,default,Q8_0,1,4096,1x4096,50,0.009885,1.657501,,4352,16384,
libgguf_cpu,dequantize,default,Q8_0,1,4096,1x4096,50,0.008142,0.534490,2.012198,4352,16384,
cuda,quantize,,TQ1_0,1,4096,1x4096,200,0.032174,0.509230,,864,16384,
cuda,dequantize,,TQ1_0,1,4096,1x4096,200,0.009667,0.089380,1.694915,864,16384,
libgguf_cpu,quantize,1_thread,TQ1_0,1,4096,1x4096,50,0.022282,0.735306,,864,16384,
libgguf_cpu,dequantize,1_thread,TQ1_0,1,4096,1x4096,50,0.008820,0.097960,1.857609,864,16384,
libgguf_cpu,quantize,default,TQ1_0,1,4096,1x4096,50,0.014023,1.168356,,864,16384,
libgguf_cpu,dequantize,default,TQ1_0,1,4096,1x4096,50,0.008246,0.104779,1.986912,864,16384,
cuda,quantize,,TQ2_0,1,4096,1x4096,200,0.031406,0.521682,,1056,16384,
cuda,dequantize,,TQ2_0,1,4096,1x4096,200,0.009610,0.109883,1.704848,1056,16384,
libgguf_cpu,quantize,1_thread,TQ2_0,1,4096,1x4096,50,0.011954,1.370548,,1056,16384,
libgguf_cpu,dequantize,1_thread,TQ2_0,1,4096,1x4096,50,0.008117,0.130098,2.018491,1056,16384,
libgguf_cpu,quantize,default,TQ2_0,1,4096,1x4096,50,0.011811,1.387214,,1056,16384,
libgguf_cpu,dequantize,default,TQ2_0,1,4096,1x4096,50,0.007810,0.135205,2.097727,1056,16384,
cuda,quantize,,IQ2_XXS,64,4096,64x4096,3,58.359807,0.017967,,67584,1048576,
cuda,dequantize,,IQ2_XXS,64,4096,64x4096,100,0.008185,8.257419,128.115106,67584,1048576,
libgguf_cpu,quantize,1_thread,IQ2_XXS,64,4096,64x4096,1,93.664445,0.011195,,67584,1048576,
libgguf_cpu,dequantize,1_thread,IQ2_XXS,64,4096,64x4096,10,0.225199,0.300108,4.656226,67584,1048576,
libgguf_cpu,quantize,default,IQ2_XXS,64,4096,64x4096,1,5.658238,0.185318,,67584,1048576,
libgguf_cpu,dequantize,default,IQ2_XXS,64,4096,64x4096,10,4.395766,0.015375,0.238542,67584,1048576,
cuda,quantize,,IQ2_XS,64,4096,64x4096,3,169.488383,0.006187,,75776,1048576,
cuda,dequantize,,IQ2_XS,64,4096,64x4096,100,0.008581,8.830549,122.195707,75776,1048576,
libgguf_cpu,quantize,1_thread,IQ2_XS,64,4096,64x4096,1,216.261195,0.004849,,75776,1048576,
libgguf_cpu,dequantize,1_thread,IQ2_XS,64,4096,64x4096,10,0.232788,0.325515,4.504428,75776,1048576,
libgguf_cpu,quantize,default,IQ2_XS,64,4096,64x4096,1,10.327892,0.101529,,75776,1048576,
libgguf_cpu,dequantize,default,IQ2_XS,64,4096,64x4096,10,4.433007,0.017094,0.236538,75776,1048576,
cuda,quantize,,IQ2_S,64,4096,64x4096,3,213.381795,0.004914,,83968,1048576,
cuda,dequantize,,IQ2_S,64,4096,64x4096,100,0.011725,7.161572,89.432315,83968,1048576,
libgguf_cpu,quantize,1_thread,IQ2_S,64,4096,64x4096,1,59.720545,0.017558,,83968,1048576,
libgguf_cpu,dequantize,1_thread,IQ2_S,64,4096,64x4096,10,0.258846,0.324393,4.050957,83968,1048576,
libgguf_cpu,quantize,default,IQ2_S,64,4096,64x4096,1,5.188311,0.202104,,83968,1048576,
libgguf_cpu,dequantize,default,IQ2_S,64,4096,64x4096,10,4.356959,0.019272,0.240667,83968,1048576,
cuda,quantize,,IQ3_XXS,64,4096,64x4096,3,270.784831,0.003872,,100352,1048576,
cuda,dequantize,,IQ3_XXS,64,4096,64x4096,100,0.009585,10.470085,109.401706,100352,1048576,
libgguf_cpu,quantize,1_thread,IQ3_XXS,64,4096,64x4096,1,128.061011,0.008188,,100352,1048576,
libgguf_cpu,dequantize,1_thread,IQ3_XXS,64,4096,64x4096,10,0.202285,0.496093,5.183662,100352,1048576,
libgguf_cpu,quantize,default,IQ3_XXS,64,4096,64x4096,1,5.884327,0.178198,,100352,1048576,
libgguf_cpu,dequantize,default,IQ3_XXS,64,4096,64x4096,10,4.364407,0.022993,0.240256,100352,1048576,
cuda,quantize,,IQ3_S,64,4096,64x4096,3,254.123698,0.004126,,112640,1048576,
cuda,dequantize,,IQ3_S,64,4096,64x4096,100,0.013660,8.245877,76.761617,112640,1048576,
libgguf_cpu,quantize,1_thread,IQ3_S,64,4096,64x4096,1,80.570778,0.013014,,112640,1048576,
libgguf_cpu,dequantize,1_thread,IQ3_S,64,4096,64x4096,10,0.311438,0.361677,3.366883,112640,1048576,
libgguf_cpu,quantize,default,IQ3_S,64,4096,64x4096,1,5.313160,0.197354,,112640,1048576,
libgguf_cpu,dequantize,default,IQ3_S,64,4096,64x4096,10,4.030410,0.027948,0.260166,112640,1048576,
cuda,quantize,,IQ1_S,64,4096,64x4096,3,41.754262,0.025113,,51200,1048576,
cuda,dequantize,,IQ1_S,64,4096,64x4096,100,0.008395,6.099188,124.911368,51200,1048576,
libgguf_cpu,quantize,1_thread,IQ1_S,64,4096,64x4096,1,35.138693,0.029841,,51200,1048576,
libgguf_cpu,dequantize,1_thread,IQ1_S,64,4096,64x4096,10,0.159852,0.320296,6.559664,51200,1048576,
libgguf_cpu,quantize,default,IQ1_S,64,4096,64x4096,1,4.223796,0.248254,,51200,1048576,
libgguf_cpu,dequantize,default,IQ1_S,64,4096,64x4096,10,4.156571,0.012318,0.252270,51200,1048576,
cuda,quantize,,IQ1_M,64,4096,64x4096,3,37.506388,0.027957,,57344,1048576,
cuda,dequantize,,IQ1_M,64,4096,64x4096,100,0.010199,5.622490,102.811243,57344,1048576,
libgguf_cpu,quantize,1_thread,IQ1_M,64,4096,64x4096,1,140.121603,0.007483,,57344,1048576,
libgguf_cpu,dequantize,1_thread,IQ1_M,64,4096,64x4096,10,0.166664,0.344069,6.291553,57344,1048576,
libgguf_cpu,quantize,default,IQ1_M,64,4096,64x4096,1,7.954546,0.131821,,57344,1048576,
libgguf_cpu,dequantize,default,IQ1_M,64,4096,64x4096,10,4.302604,0.013328,0.243707,57344,1048576,
cuda,quantize,,IQ4_NL,64,4096,64x4096,100,0.200591,5.227424,,147456,1048576,
cuda,dequantize,,IQ4_NL,64,4096,64x4096,100,0.009370,15.737705,111.912570,147456,1048576,
libgguf_cpu,quantize,1_thread,IQ4_NL,64,4096,64x4096,5,60.071851,0.017455,,147456,1048576,
libgguf_cpu,dequantize,1_thread,IQ4_NL,64,4096,64x4096,10,0.294966,0.499908,3.554900,147456,1048576,
libgguf_cpu,quantize,default,IQ4_NL,64,4096,64x4096,5,5.006050,0.209462,,147456,1048576,
libgguf_cpu,dequantize,default,IQ4_NL,64,4096,64x4096,10,4.478833,0.032923,0.234118,147456,1048576,
cuda,quantize,,IQ4_XS,64,4096,64x4096,100,1.699471,0.617002,,139264,1048576,
cuda,dequantize,,IQ4_XS,64,4096,64x4096,100,0.008417,16.545013,124.574213,139264,1048576,
libgguf_cpu,quantize,1_thread,IQ4_XS,64,4096,64x4096,5,61.327326,0.017098,,139264,1048576,
libgguf_cpu,dequantize,1_thread,IQ4_XS,64,4096,64x4096,10,0.333313,0.417817,3.145919,139264,1048576,
libgguf_cpu,quantize,default,IQ4_XS,64,4096,64x4096,5,4.793769,0.218737,,139264,1048576,
libgguf_cpu,dequantize,default,IQ4_XS,64,4096,64x4096,10,4.232602,0.032903,0.247738,139264,1048576,
cuda,quantize,,MXFP4,64,4096,64x4096,100,0.010967,95.611577,,139264,1048576,
cuda,dequantize,,MXFP4,64,4096,64x4096,100,0.009411,14.798694,111.425461,139264,1048576,
libgguf_cpu,quantize,1_thread,MXFP4,64,4096,64x4096,5,0.862799,1.215319,,139264,1048576,
libgguf_cpu,dequantize,1_thread,MXFP4,64,4096,64x4096,10,0.343659,0.405239,3.051210,139264,1048576,
libgguf_cpu,quantize,default,MXFP4,64,4096,64x4096,5,3.935224,0.266459,,139264,1048576,
libgguf_cpu,dequantize,default,MXFP4,64,4096,64x4096,10,3.998470,0.034829,0.262244,139264,1048576,
cuda,quantize,,NVFP4,64,4096,64x4096,100,0.021176,49.516443,,147456,1048576,
cuda,dequantize,,NVFP4,64,4096,64x4096,100,0.010509,14.030815,99.774682,147456,1048576,
libgguf_cpu,quantize,1_thread,NVFP4,64,4096,64x4096,5,0.977041,1.073216,,147456,1048576,
libgguf_cpu,dequantize,1_thread,NVFP4,64,4096,64x4096,10,0.333786,0.441768,3.141461,147456,1048576,
libgguf_cpu,quantize,default,NVFP4,64,4096,64x4096,5,4.111087,0.255061,,147456,1048576,
libgguf_cpu,dequantize,default,NVFP4,64,4096,64x4096,10,4.219506,0.034946,0.248507,147456,1048576,
cuda,quantize,,Q1_0,64,4096,64x4096,100,0.036188,28.975666,,36864,1048576,
cuda,dequantize,,Q1_0,64,4096,64x4096,100,0.009421,3.913043,111.304345,36864,1048576,
libgguf_cpu,quantize,1_thread,Q1_0,64,4096,64x4096,5,0.340064,3.083467,,36864,1048576,
libgguf_cpu,dequantize,1_thread,Q1_0,64,4096,64x4096,10,0.386009,0.095500,2.716456,36864,1048576,
libgguf_cpu,quantize,default,Q1_0,64,4096,64x4096,5,3.961032,0.264723,,36864,1048576,
libgguf_cpu,dequantize,default,Q1_0,64,4096,64x4096,10,4.534470,0.008130,0.231246,36864,1048576,
cuda,quantize,,Q2_K,64,4096,64x4096,100,0.162058,6.470365,,86016,1048576,
cuda,dequantize,,Q2_K,64,4096,64x4096,100,0.013599,6.325301,77.108435,86016,1048576,
libgguf_cpu,quantize,1_thread,Q2_K,64,4096,64x4096,5,15.352502,0.068300,,86016,1048576,
libgguf_cpu,dequantize,1_thread,Q2_K,64,4096,64x4096,10,0.283739,0.303151,3.695560,86016,1048576,
libgguf_cpu,quantize,default,Q2_K,64,4096,64x4096,5,4.031803,0.260076,,86016,1048576,
libgguf_cpu,dequantize,default,Q2_K,64,4096,64x4096,10,4.034622,0.021319,0.259894,86016,1048576,
cuda,quantize,,Q3_K,64,4096,64x4096,100,0.149790,7.000288,,112640,1048576,
cuda,dequantize,,Q3_K,64,4096,64x4096,100,0.009411,11.969532,111.425461,112640,1048576,
libgguf_cpu,quantize,1_thread,Q3_K,64,4096,64x4096,5,1.510378,0.694248,,112640,1048576,
libgguf_cpu,dequantize,1_thread,Q3_K,64,4096,64x4096,10,0.360983,0.312037,2.904780,112640,1048576,
libgguf_cpu,quantize,default,Q3_K,64,4096,64x4096,5,4.362093,0.240384,,112640,1048576,
libgguf_cpu,dequantize,default,Q3_K,64,4096,64x4096,10,4.443001,0.025352,0.236006,112640,1048576,
cuda,quantize,,Q4_0,64,4096,64x4096,100,0.008645,121.286601,,147456,1048576,
cuda,dequantize,,Q4_0,64,4096,64x4096,100,0.009933,14.845361,105.567011,147456,1048576,
libgguf_cpu,quantize,1_thread,Q4_0,64,4096,64x4096,5,0.217667,4.817345,,147456,1048576,
libgguf_cpu,dequantize,1_thread,Q4_0,64,4096,64x4096,10,0.053094,2.777279,19.749538,147456,1048576,
libgguf_cpu,quantize,default,Q4_0,64,4096,64x4096,5,3.986318,0.263044,,147456,1048576,
libgguf_cpu,dequantize,default,Q4_0,64,4096,64x4096,10,4.019838,0.036682,0.260850,147456,1048576,
cuda,quantize,,Q4_1,64,4096,64x4096,100,0.008491,123.499038,,163840,1048576,
cuda,dequantize,,Q4_1,64,4096,64x4096,100,0.009472,17.297297,110.702703,163840,1048576,
libgguf_cpu,quantize,1_thread,Q4_1,64,4096,64x4096,5,0.230055,4.557939,,163840,1048576,
libgguf_cpu,dequantize,1_thread,Q4_1,64,4096,64x4096,10,0.061519,2.663255,17.044834,163840,1048576,
libgguf_cpu,quantize,default,Q4_1,64,4096,64x4096,5,4.330086,0.242161,,163840,1048576,
libgguf_cpu,dequantize,default,Q4_1,64,4096,64x4096,10,4.248099,0.038568,0.246834,163840,1048576,
cuda,quantize,,Q4_K,64,4096,64x4096,100,0.201838,5.195143,,147456,1048576,
cuda,dequantize,,Q4_K,64,4096,64x4096,100,0.008335,17.690417,125.798521,147456,1048576,
libgguf_cpu,quantize,1_thread,Q4_K,64,4096,64x4096,5,15.864499,0.066096,,147456,1048576,
libgguf_cpu,dequantize,1_thread,Q4_K,64,4096,64x4096,10,0.092983,1.585847,11.277133,147456,1048576,
libgguf_cpu,quantize,default,Q4_K,64,4096,64x4096,5,4.395713,0.238545,,147456,1048576,
libgguf_cpu,dequantize,default,Q4_K,64,4096,64x4096,10,4.334026,0.034023,0.241940,147456,1048576,
cuda,quantize,,Q5_0,64,4096,64x4096,100,0.015572,67.337965,,180224,1048576,
cuda,dequantize,,Q5_0,64,4096,64x4096,100,0.009511,18.949565,110.252013,180224,1048576,
libgguf_cpu,quantize,1_thread,Q5_0,64,4096,64x4096,5,0.408152,2.569083,,180224,1048576,
libgguf_cpu,dequantize,1_thread,Q5_0,64,4096,64x4096,10,0.276523,0.651750,3.791998,180224,1048576,
libgguf_cpu,quantize,default,Q5_0,64,4096,64x4096,5,4.504759,0.232771,,180224,1048576,
libgguf_cpu,dequantize,default,Q5_0,64,4096,64x4096,10,3.997621,0.045083,0.262300,180224,1048576,
cuda,quantize,,Q5_1,64,4096,64x4096,100,0.009032,116.099770,,196608,1048576,
cuda,dequantize,,Q5_1,64,4096,64x4096,100,0.011438,17.188899,91.674127,196608,1048576,
libgguf_cpu,quantize,1_thread,Q5_1,64,4096,64x4096,5,0.449485,2.332837,,196608,1048576,
libgguf_cpu,dequantize,1_thread,Q5_1,64,4096,64x4096,10,0.303033,0.648800,3.460267,196608,1048576,
libgguf_cpu,quantize,default,Q5_1,64,4096,64x4096,5,4.384773,0.239140,,196608,1048576,
libgguf_cpu,dequantize,default,Q5_1,64,4096,64x4096,10,4.253163,0.046226,0.246540,196608,1048576,
cuda,quantize,,Q5_K,64,4096,64x4096,100,0.199280,5.261831,,180224,1048576,
cuda,dequantize,,Q5_K,64,4096,64x4096,100,0.011223,16.058395,93.430660,180224,1048576,
libgguf_cpu,quantize,1_thread,Q5_K,64,4096,64x4096,5,12.652467,0.082875,,180224,1048576,
libgguf_cpu,dequantize,1_thread,Q5_K,64,4096,64x4096,10,0.089068,2.023454,11.772824,180224,1048576,
libgguf_cpu,quantize,default,Q5_K,64,4096,64x4096,5,3.953668,0.265216,,180224,1048576,
libgguf_cpu,dequantize,default,Q5_K,64,4096,64x4096,10,4.254806,0.042358,0.246445,180224,1048576,
cuda,quantize,,Q6_K,64,4096,64x4096,100,0.148857,7.044200,,215040,1048576,
cuda,dequantize,,Q6_K,64,4096,64x4096,100,0.009298,23.127754,112.775332,215040,1048576,
libgguf_cpu,quantize,1_thread,Q6_K,64,4096,64x4096,5,9.851365,0.106440,,215040,1048576,
libgguf_cpu,dequantize,1_thread,Q6_K,64,4096,64x4096,10,0.341337,0.629993,3.071966,215040,1048576,
libgguf_cpu,quantize,default,Q6_K,64,4096,64x4096,5,3.936196,0.266393,,215040,1048576,
libgguf_cpu,dequantize,default,Q6_K,64,4096,64x4096,10,4.020984,0.053479,0.260776,215040,1048576,
cuda,quantize,,Q8_0,64,4096,64x4096,100,0.014081,74.469342,,278528,1048576,
cuda,dequantize,,Q8_0,64,4096,64x4096,100,0.009432,29.531113,111.175954,278528,1048576,
libgguf_cpu,quantize,1_thread,Q8_0,64,4096,64x4096,5,0.113023,9.277513,,278528,1048576,
libgguf_cpu,dequantize,1_thread,Q8_0,64,4096,64x4096,10,0.051506,5.407712,20.358445,278528,1048576,
libgguf_cpu,quantize,default,Q8_0,64,4096,64x4096,5,4.453855,0.235431,,278528,1048576,
libgguf_cpu,dequantize,default,Q8_0,64,4096,64x4096,10,4.510308,0.061754,0.232484,278528,1048576,
cuda,quantize,,TQ1_0,64,4096,64x4096,100,0.106086,9.884170,,55296,1048576,
cuda,dequantize,,TQ1_0,64,4096,64x4096,100,0.009525,5.805476,110.089029,55296,1048576,
libgguf_cpu,quantize,1_thread,TQ1_0,64,4096,64x4096,5,0.416048,2.520327,,55296,1048576,
libgguf_cpu,dequantize,1_thread,TQ1_0,64,4096,64x4096,10,0.088658,0.623704,11.827267,55296,1048576,
libgguf_cpu,quantize,default,TQ1_0,64,4096,64x4096,5,4.397819,0.238431,,55296,1048576,
libgguf_cpu,dequantize,default,TQ1_0,64,4096,64x4096,10,4.069768,0.013587,0.257650,55296,1048576,
cuda,quantize,,TQ2_0,64,4096,64x4096,100,0.114369,9.168336,,67584,1048576,
cuda,dequantize,,TQ2_0,64,4096,64x4096,100,0.009337,7.238082,112.299944,67584,1048576,
libgguf_cpu,quantize,1_thread,TQ2_0,64,4096,64x4096,5,0.254983,4.112343,,67584,1048576,
libgguf_cpu,dequantize,1_thread,TQ2_0,64,4096,64x4096,10,0.088780,0.761257,11.811013,67584,1048576,
libgguf_cpu,quantize,default,TQ2_0,64,4096,64x4096,5,4.402219,0.238193,,67584,1048576,
libgguf_cpu,dequantize,default,TQ2_0,64,4096,64x4096,10,4.471807,0.015113,0.234486,67584,1048576,
cuda,quantize,,IQ2_XXS,4096,4096,4096x4096,1,233.813828,0.287018,,4325376,67108864,
cuda,dequantize,,IQ2_XXS,4096,4096,4096x4096,30,0.094003,46.013072,713.899778,4325376,67108864,
libgguf_cpu,quantize,1_thread,IQ2_XXS,4096,4096,4096x4096,1,5939.973145,0.011298,,4325376,67108864,
libgguf_cpu,dequantize,1_thread,IQ2_XXS,4096,4096,4096x4096,1,17.577731,0.246071,3.817834,4325376,67108864,
libgguf_cpu,quantize,default,IQ2_XXS,4096,4096,4096x4096,1,424.872014,0.157951,,4325376,67108864,
libgguf_cpu,dequantize,default,IQ2_XXS,4096,4096,4096x4096,1,17.049794,0.253691,3.936051,4325376,67108864,
cuda,quantize,,IQ2_XS,4096,4096,4096x4096,1,610.387939,0.109945,,4849664,67108864,
cuda,dequantize,,IQ2_XS,4096,4096,4096x4096,30,0.093451,51.895446,718.120772,4849664,67108864,
libgguf_cpu,quantize,1_thread,IQ2_XS,4096,4096,4096x4096,1,14766.651035,0.004545,,4849664,67108864,
libgguf_cpu,dequantize,1_thread,IQ2_XS,4096,4096,4096x4096,1,20.935672,0.231646,3.205479,4849664,67108864,
libgguf_cpu,quantize,default,IQ2_XS,4096,4096,4096x4096,1,1105.052673,0.060729,,4849664,67108864,
libgguf_cpu,dequantize,default,IQ2_XS,4096,4096,4096x4096,1,23.413349,0.207132,2.866265,4849664,67108864,
cuda,quantize,,IQ2_S,4096,4096,4096x4096,1,741.796814,0.090468,,5373952,67108864,
cuda,dequantize,,IQ2_S,4096,4096,4096x4096,30,0.094413,56.919737,710.802576,5373952,67108864,
libgguf_cpu,quantize,1_thread,IQ2_S,4096,4096,4096x4096,1,3863.435169,0.017370,,5373952,67108864,
libgguf_cpu,dequantize,1_thread,IQ2_S,4096,4096,4096x4096,1,23.817996,0.225626,2.817570,5373952,67108864,
libgguf_cpu,quantize,default,IQ2_S,4096,4096,4096x4096,1,208.556678,0.321778,,5373952,67108864,
libgguf_cpu,dequantize,default,IQ2_S,4096,4096,4096x4096,1,21.491899,0.250045,3.122519,5373952,67108864,
cuda,quantize,,IQ3_XXS,4096,4096,4096x4096,1,1092.228027,0.061442,,6422528,67108864,
cuda,dequantize,,IQ3_XXS,4096,4096,4096x4096,30,0.095846,67.008548,700.170950,6422528,67108864,
libgguf_cpu,quantize,1_thread,IQ3_XXS,4096,4096,4096x4096,1,8225.312268,0.008159,,6422528,67108864,
libgguf_cpu,dequantize,1_thread,IQ3_XXS,4096,4096,4096x4096,1,20.603229,0.311724,3.257201,6422528,67108864,
libgguf_cpu,quantize,default,IQ3_XXS,4096,4096,4096x4096,1,448.422150,0.149656,,6422528,67108864,
libgguf_cpu,dequantize,default,IQ3_XXS,4096,4096,4096x4096,1,17.915378,0.358492,3.745880,6422528,67108864,
cuda,quantize,,IQ3_S,4096,4096,4096x4096,1,1029.164062,0.065207,,7208960,67108864,
cuda,dequantize,,IQ3_S,4096,4096,4096x4096,30,0.095983,75.106686,699.174967,7208960,67108864,
libgguf_cpu,quantize,1_thread,IQ3_S,4096,4096,4096x4096,1,5588.737021,0.012008,,7208960,67108864,
libgguf_cpu,dequantize,1_thread,IQ3_S,4096,4096,4096x4096,1,25.449452,0.283266,2.636947,7208960,67108864,
libgguf_cpu,quantize,default,IQ3_S,4096,4096,4096x4096,1,310.842683,0.215893,,7208960,67108864,
libgguf_cpu,dequantize,default,IQ3_S,4096,4096,4096x4096,1,44.783780,0.160973,1.498508,7208960,67108864,
cuda,quantize,,IQ1_S,4096,4096,4096x4096,1,129.078278,0.519908,,3276800,67108864,
cuda,dequantize,,IQ1_S,4096,4096,4096x4096,30,0.092297,35.502957,727.100565,3276800,67108864,
libgguf_cpu,quantize,1_thread,IQ1_S,4096,4096,4096x4096,1,2518.755884,0.026644,,3276800,67108864,
libgguf_cpu,dequantize,1_thread,IQ1_S,4096,4096,4096x4096,1,15.348017,0.213500,4.372478,3276800,67108864,
libgguf_cpu,quantize,default,IQ1_S,4096,4096,4096x4096,1,100.384331,0.668519,,3276800,67108864,
libgguf_cpu,dequantize,default,IQ1_S,4096,4096,4096x4096,1,17.825379,0.183828,3.764793,3276800,67108864,
cuda,quantize,,IQ1_M,4096,4096,4096x4096,1,130.176773,0.515521,,3670016,67108864,
cuda,dequantize,,IQ1_M,4096,4096,4096x4096,30,0.093286,39.341382,719.385268,3670016,67108864,
libgguf_cpu,quantize,1_thread,IQ1_M,4096,4096,4096x4096,1,9752.627079,0.006881,,3670016,67108864,
libgguf_cpu,dequantize,1_thread,IQ1_M,4096,4096,4096x4096,1,19.315878,0.190000,3.474285,3670016,67108864,
libgguf_cpu,quantize,default,IQ1_M,4096,4096,4096x4096,1,713.944486,0.093997,,3670016,67108864,
libgguf_cpu,dequantize,default,IQ1_M,4096,4096,4096x4096,1,22.237776,0.165035,3.017787,3670016,67108864,
cuda,quantize,,IQ4_NL,4096,4096,4096x4096,20,3.170048,21.169668,,9437184,67108864,
cuda,dequantize,,IQ4_NL,4096,4096,4096x4096,30,0.098202,96.100104,683.378514,9437184,67108864,
libgguf_cpu,quantize,1_thread,IQ4_NL,4096,4096,4096x4096,1,4144.076713,0.016194,,9437184,67108864,
libgguf_cpu,dequantize,1_thread,IQ4_NL,4096,4096,4096x4096,1,25.868249,0.364817,2.594256,9437184,67108864,
libgguf_cpu,quantize,default,IQ4_NL,4096,4096,4096x4096,1,214.712830,0.312552,,9437184,67108864,
libgguf_cpu,dequantize,default,IQ4_NL,4096,4096,4096x4096,1,16.934245,0.557284,3.962909,9437184,67108864,
cuda,quantize,,IQ4_XS,4096,4096,4096x4096,20,3.461581,19.386769,,8912896,67108864,
cuda,dequantize,,IQ4_XS,4096,4096,4096x4096,30,0.097075,91.814346,691.308016,8912896,67108864,
libgguf_cpu,quantize,1_thread,IQ4_XS,4096,4096,4096x4096,1,4245.085799,0.015809,,8912896,67108864,
libgguf_cpu,dequantize,1_thread,IQ4_XS,4096,4096,4096x4096,1,26.113718,0.341311,2.569870,8912896,67108864,
libgguf_cpu,quantize,default,IQ4_XS,4096,4096,4096x4096,1,284.112019,0.236206,,8912896,67108864,
libgguf_cpu,dequantize,default,IQ4_XS,4096,4096,4096x4096,1,25.587022,0.348337,2.622770,8912896,67108864,
cuda,quantize,,MXFP4,4096,4096,4096x4096,20,0.651059,103.076439,,8912896,67108864,
cuda,dequantize,,MXFP4,4096,4096,4096x4096,30,0.110046,80.992553,609.826283,8912896,67108864,
libgguf_cpu,quantize,1_thread,MXFP4,4096,4096,4096x4096,1,48.278045,1.390049,,8912896,67108864,
libgguf_cpu,dequantize,1_thread,MXFP4,4096,4096,4096x4096,1,26.169817,0.340579,2.564361,8912896,67108864,
libgguf_cpu,quantize,default,MXFP4,4096,4096,4096x4096,1,16.676907,4.024059,,8912896,67108864,
libgguf_cpu,dequantize,default,MXFP4,4096,4096,4096x4096,1,16.882045,0.527951,3.975162,8912896,67108864,
cuda,quantize,,NVFP4,4096,4096,4096x4096,20,1.088302,61.663801,,9437184,67108864,
cuda,dequantize,,NVFP4,4096,4096,4096x4096,30,0.122914,76.778674,545.981680,9437184,67108864,
libgguf_cpu,quantize,1_thread,NVFP4,4096,4096,4096x4096,1,63.252114,1.060974,,9437184,67108864,
libgguf_cpu,dequantize,1_thread,NVFP4,4096,4096,4096x4096,1,25.718641,0.366939,2.609347,9437184,67108864,
libgguf_cpu,quantize,default,NVFP4,4096,4096,4096x4096,1,16.674147,4.024725,,9437184,67108864,
libgguf_cpu,dequantize,default,NVFP4,4096,4096,4096x4096,1,17.267503,0.546529,3.886425,9437184,67108864,
cuda,quantize,,Q1_0,4096,4096,4096x4096,20,0.336589,199.379366,,2359296,67108864,
cuda,dequantize,,Q1_0,4096,4096,4096x4096,30,0.106291,22.196532,631.368023,2359296,67108864,
libgguf_cpu,quantize,1_thread,Q1_0,4096,4096,4096x4096,1,13.390752,5.011583,,2359296,67108864,
libgguf_cpu,dequantize,1_thread,Q1_0,4096,4096,4096x4096,1,27.302219,0.086414,2.458000,2359296,67108864,
libgguf_cpu,quantize,default,Q1_0,4096,4096,4096x4096,1,19.018221,3.528661,,2359296,67108864,
libgguf_cpu,dequantize,default,Q1_0,4096,4096,4096x4096,1,17.277023,0.136557,3.884284,2359296,67108864,
cuda,quantize,,Q2_K,4096,4096,4096x4096,20,0.724890,92.578046,,5505024,67108864,
cuda,dequantize,,Q2_K,4096,4096,4096x4096,30,0.091887,59.910847,730.341751,5505024,67108864,
libgguf_cpu,quantize,1_thread,Q2_K,4096,4096,4096x4096,1,1095.780616,0.061243,,5505024,67108864,
libgguf_cpu,dequantize,1_thread,Q2_K,4096,4096,4096x4096,1,20.921776,0.263124,3.207608,5505024,67108864,
libgguf_cpu,quantize,default,Q2_K,4096,4096,4096x4096,1,25.000876,2.684260,,5505024,67108864,
libgguf_cpu,dequantize,default,Q2_K,4096,4096,4096x4096,1,17.261993,0.318910,3.887666,5505024,67108864,
cuda,quantize,,Q3_K,4096,4096,4096x4096,20,1.113190,60.285164,,7208960,67108864,
cuda,dequantize,,Q3_K,4096,4096,4096x4096,30,0.093116,77.419353,720.703799,7208960,67108864,
libgguf_cpu,quantize,1_thread,Q3_K,4096,4096,4096x4096,1,104.824189,0.640204,,7208960,67108864,
libgguf_cpu,dequantize,1_thread,Q3_K,4096,4096,4096x4096,1,27.857065,0.258784,2.409043,7208960,67108864,
libgguf_cpu,quantize,default,Q3_K,4096,4096,4096x4096,1,16.383119,4.096220,,7208960,67108864,
libgguf_cpu,dequantize,default,Q3_K,4096,4096,4096x4096,1,16.795526,0.429219,3.995639,7208960,67108864,
cuda,quantize,,Q4_0,4096,4096,4096x4096,20,0.156006,430.167389,,9437184,67108864,
cuda,dequantize,,Q4_0,4096,4096,4096x4096,30,0.095710,98.602000,701.169775,9437184,67108864,
libgguf_cpu,quantize,1_thread,Q4_0,4096,4096,4096x4096,1,15.159789,4.426768,,9437184,67108864,
libgguf_cpu,dequantize,1_thread,Q4_0,4096,4096,4096x4096,1,8.653356,1.090581,7.755241,9437184,67108864,
libgguf_cpu,quantize,default,Q4_0,4096,4096,4096x4096,1,16.256470,4.128133,,9437184,67108864,
libgguf_cpu,dequantize,default,Q4_0,4096,4096,4096x4096,1,16.961386,0.556392,3.956567,9437184,67108864,
cuda,quantize,,Q4_1,4096,4096,4096x4096,20,0.167322,401.077115,,10485760,67108864,
cuda,dequantize,,Q4_1,4096,4096,4096x4096,30,0.096700,108.436290,693.992254,10485760,67108864,
libgguf_cpu,quantize,1_thread,Q4_1,4096,4096,4096x4096,1,12.206730,5.497694,,10485760,67108864,
libgguf_cpu,dequantize,1_thread,Q4_1,4096,4096,4096x4096,1,9.554729,1.097442,7.023628,10485760,67108864,
libgguf_cpu,quantize,default,Q4_1,4096,4096,4096x4096,1,19.491427,3.442994,,10485760,67108864,
libgguf_cpu,dequantize,default,Q4_1,4096,4096,4096x4096,1,17.128824,0.612170,3.917891,10485760,67108864,
cuda,quantize,,Q4_K,4096,4096,4096x4096,20,0.942989,71.166132,,9437184,67108864,
cuda,dequantize,,Q4_K,4096,4096,4096x4096,30,0.095642,98.672380,701.670257,9437184,67108864,
libgguf_cpu,quantize,1_thread,Q4_K,4096,4096,4096x4096,1,1121.911024,0.059817,,9437184,67108864,
libgguf_cpu,dequantize,1_thread,Q4_K,4096,4096,4096x4096,1,9.396451,1.004335,7.141937,9437184,67108864,
libgguf_cpu,quantize,default,Q4_K,4096,4096,4096x4096,1,26.080088,2.573184,,9437184,67108864,
libgguf_cpu,dequantize,default,Q4_K,4096,4096,4096x4096,1,19.696645,0.479126,3.407122,9437184,67108864,
cuda,quantize,,Q5_0,4096,4096,4096x4096,20,0.296806,226.103151,,11534336,67108864,
cuda,dequantize,,Q5_0,4096,4096,4096x4096,30,0.097963,117.742162,685.045304,11534336,67108864,
libgguf_cpu,quantize,1_thread,Q5_0,4096,4096,4096x4096,1,23.914684,2.806178,,11534336,67108864,
libgguf_cpu,dequantize,1_thread,Q5_0,4096,4096,4096x4096,1,23.462768,0.491602,2.860228,11534336,67108864,
libgguf_cpu,quantize,default,Q5_0,4096,4096,4096x4096,1,18.661993,3.596018,,11534336,67108864,
libgguf_cpu,dequantize,default,Q5_0,4096,4096,4096x4096,1,16.900896,0.682469,3.970728,11534336,67108864,
cuda,quantize,,Q5_1,4096,4096,4096x4096,20,0.217549,308.477289,,12582912,67108864,
cuda,dequantize,,Q5_1,4096,4096,4096x4096,30,0.099191,126.854783,676.558842,12582912,67108864,
libgguf_cpu,quantize,1_thread,Q5_1,4096,4096,4096x4096,1,28.106393,2.387673,,12582912,67108864,
libgguf_cpu,dequantize,1_thread,Q5_1,4096,4096,4096x4096,1,23.775545,0.529238,2.822600,12582912,67108864,
libgguf_cpu,quantize,default,Q5_1,4096,4096,4096x4096,1,19.618065,3.420769,,12582912,67108864,
libgguf_cpu,dequantize,default,Q5_1,4096,4096,4096x4096,1,20.389570,0.617125,3.291333,12582912,67108864,
cuda,quantize,,Q5_K,4096,4096,4096x4096,20,1.161416,57.781937,,11534336,67108864,
cuda,dequantize,,Q5_K,4096,4096,4096x4096,30,0.097792,117.947647,686.240855,11534336,67108864,
libgguf_cpu,quantize,1_thread,Q5_K,4096,4096,4096x4096,1,879.982735,0.076262,,11534336,67108864,
libgguf_cpu,dequantize,1_thread,Q5_K,4096,4096,4096x4096,1,9.699579,1.189158,6.918740,11534336,67108864,
libgguf_cpu,quantize,default,Q5_K,4096,4096,4096x4096,1,20.959716,3.201802,,11534336,67108864,
libgguf_cpu,dequantize,default,Q5_K,4096,4096,4096x4096,1,17.199674,0.670614,3.901752,11534336,67108864,
cuda,quantize,,Q6_K,4096,4096,4096x4096,20,0.838554,80.029306,,13762560,67108864,
cuda,dequantize,,Q6_K,4096,4096,4096x4096,30,0.100250,137.282941,669.417770,13762560,67108864,
libgguf_cpu,quantize,1_thread,Q6_K,4096,4096,4096x4096,1,715.059108,0.093851,,13762560,67108864,
libgguf_cpu,dequantize,1_thread,Q6_K,4096,4096,4096x4096,1,25.494473,0.539825,2.632291,13762560,67108864,
libgguf_cpu,quantize,default,Q6_K,4096,4096,4096x4096,1,21.882629,3.066764,,13762560,67108864,
libgguf_cpu,dequantize,default,Q6_K,4096,4096,4096x4096,1,19.416477,0.708808,3.456284,13762560,67108864,
cuda,quantize,,Q8_0,4096,4096,4096x4096,20,0.405555,165.474056,,17825792,67108864,
cuda,dequantize,,Q8_0,4096,4096,4096x4096,30,0.104858,169.999994,639.999977,17825792,67108864,
libgguf_cpu,quantize,1_thread,Q8_0,4096,4096,4096x4096,1,9.447341,7.103466,,17825792,67108864,
libgguf_cpu,dequantize,1_thread,Q8_0,4096,4096,4096x4096,1,8.222360,2.167965,8.161752,17825792,67108864,
libgguf_cpu,quantize,default,Q8_0,4096,4096,4096x4096,1,19.854604,3.380015,,17825792,67108864,
libgguf_cpu,dequantize,default,Q8_0,4096,4096,4096x4096,1,16.984825,1.049513,3.951107,17825792,67108864,
cuda,quantize,,TQ1_0,4096,4096,4096x4096,20,2.351506,28.538678,,3538944,67108864,
cuda,dequantize,,TQ1_0,4096,4096,4096x4096,30,0.154754,22.868172,433.648291,3538944,67108864,
libgguf_cpu,quantize,1_thread,TQ1_0,4096,4096,4096x4096,1,26.482296,2.534103,,3538944,67108864,
libgguf_cpu,dequantize,1_thread,TQ1_0,4096,4096,4096x4096,1,10.696122,0.330862,6.274130,3538944,67108864,
libgguf_cpu,quantize,default,TQ1_0,4096,4096,4096x4096,1,16.463968,4.076105,,3538944,67108864,
libgguf_cpu,dequantize,default,TQ1_0,4096,4096,4096x4096,1,16.291920,0.217221,4.119150,3538944,67108864,
cuda,quantize,,TQ2_0,4096,4096,4096x4096,20,2.582830,25.982683,,4325376,67108864,
cuda,dequantize,,TQ2_0,4096,4096,4096x4096,30,0.107239,40.333807,625.785121,4325376,67108864,
libgguf_cpu,quantize,1_thread,TQ2_0,4096,4096,4096x4096,1,17.085195,3.927896,,4325376,67108864,
libgguf_cpu,dequantize,1_thread,TQ2_0,4096,4096,4096x4096,1,8.488338,0.509567,7.906008,4325376,67108864,
libgguf_cpu,quantize,default,TQ2_0,4096,4096,4096x4096,1,16.218270,4.137856,,4325376,67108864,
libgguf_cpu,dequantize,default,TQ2_0,4096,4096,4096x4096,1,16.913846,0.255730,3.967688,4325376,67108864,
cuda,quantize,,IQ2_XXS,11008,4096,11008x4096,1,511.188995,0.352815,,11624448,180355072,
cuda,dequantize,,IQ2_XXS,11008,4096,11008x4096,30,0.241937,48.047404,745.462759,11624448,180355072,
libgguf_cpu,quantize,1_thread,IQ2_XXS,11008,4096,11008x4096,1,16232.979859,0.011110,,11624448,180355072,
libgguf_cpu,dequantize,1_thread,IQ2_XXS,11008,4096,11008x4096,1,47.098623,0.246811,3.829307,11624448,180355072,
libgguf_cpu,quantize,default,IQ2_XXS,11008,4096,11008x4096,1,1067.529084,0.168946,,11624448,180355072,
libgguf_cpu,dequantize,default,IQ2_XXS,11008,4096,11008x4096,1,21.970759,0.529087,8.208869,11624448,180355072,
cuda,quantize,,IQ2_XS,11008,4096,11008x4096,1,1331.420166,0.135461,,13033472,180355072,
cuda,dequantize,,IQ2_XS,11008,4096,11008x4096,30,0.242381,53.772709,744.098033,13033472,180355072,
libgguf_cpu,quantize,1_thread,IQ2_XS,11008,4096,11008x4096,1,38106.127539,0.004733,,13033472,180355072,
libgguf_cpu,dequantize,1_thread,IQ2_XS,11008,4096,11008x4096,1,57.253809,0.227644,3.150097,13033472,180355072,
libgguf_cpu,quantize,default,IQ2_XS,11008,4096,11008x4096,1,3243.392862,0.055607,,13033472,180355072,
libgguf_cpu,dequantize,default,IQ2_XS,11008,4096,11008x4096,1,24.160903,0.539445,7.464749,13033472,180355072,
cuda,quantize,,IQ2_S,11008,4096,11008x4096,1,1624.433716,0.111026,,14442496,180355072,
cuda,dequantize,,IQ2_S,11008,4096,11008x4096,30,0.244190,59.144535,738.585408,14442496,180355072,
libgguf_cpu,quantize,1_thread,IQ2_S,11008,4096,11008x4096,1,10139.151694,0.017788,,14442496,180355072,
libgguf_cpu,dequantize,1_thread,IQ2_S,11008,4096,11008x4096,1,59.431502,0.243011,3.034671,14442496,180355072,
libgguf_cpu,quantize,default,IQ2_S,11008,4096,11008x4096,1,699.442462,0.257855,,14442496,180355072,
libgguf_cpu,dequantize,default,IQ2_S,11008,4096,11008x4096,1,20.913156,0.690594,8.624001,14442496,180355072,
cuda,quantize,,IQ3_XXS,11008,4096,11008x4096,1,2437.069580,0.074005,,17260544,180355072,
cuda,dequantize,,IQ3_XXS,11008,4096,11008x4096,30,0.247194,69.826013,729.610585,17260544,180355072,
libgguf_cpu,quantize,1_thread,IQ3_XXS,11008,4096,11008x4096,1,20806.532799,0.008668,,17260544,180355072,
libgguf_cpu,dequantize,1_thread,IQ3_XXS,11008,4096,11008x4096,1,53.321928,0.323704,3.382381,17260544,180355072,
libgguf_cpu,quantize,default,IQ3_XXS,11008,4096,11008x4096,1,1410.852737,0.127834,,17260544,180355072,
libgguf_cpu,dequantize,default,IQ3_XXS,11008,4096,11008x4096,1,21.336043,0.808985,8.453070,17260544,180355072,
cuda,quantize,,IQ3_S,11008,4096,11008x4096,1,2305.683350,0.078222,,19374080,180355072,
cuda,dequantize,,IQ3_S,11008,4096,11008x4096,30,0.248320,78.020616,726.301010,19374080,180355072,
libgguf_cpu,quantize,1_thread,IQ3_S,11008,4096,11008x4096,1,13891.063713,0.012984,,19374080,180355072,
libgguf_cpu,dequantize,1_thread,IQ3_S,11008,4096,11008x4096,1,54.269231,0.356999,3.323339,19374080,180355072,
libgguf_cpu,quantize,default,IQ3_S,11008,4096,11008x4096,1,910.034083,0.198185,,19374080,180355072,
libgguf_cpu,dequantize,default,IQ3_S,11008,4096,11008x4096,1,21.591641,0.897295,8.353004,19374080,180355072,
cuda,quantize,,IQ1_S,11008,4096,11008x4096,1,277.797699,0.649232,,8806400,180355072,
cuda,dequantize,,IQ1_S,11008,4096,11008x4096,30,0.238285,36.957457,756.888715,8806400,180355072,
libgguf_cpu,quantize,1_thread,IQ1_S,11008,4096,11008x4096,1,6121.429271,0.029463,,8806400,180355072,
libgguf_cpu,dequantize,1_thread,IQ1_S,11008,4096,11008x4096,1,42.788405,0.205813,4.215045,8806400,180355072,
libgguf_cpu,quantize,default,IQ1_S,11008,4096,11008x4096,1,484.994431,0.371870,,8806400,180355072,
libgguf_cpu,dequantize,default,IQ1_S,11008,4096,11008x4096,1,19.072830,0.461725,9.456125,8806400,180355072,
cuda,quantize,,IQ1_M,11008,4096,11008x4096,1,249.668610,0.722378,,9863168,180355072,
cuda,dequantize,,IQ1_M,11008,4096,11008x4096,30,0.239511,41.180357,753.012242,9863168,180355072,
libgguf_cpu,quantize,1_thread,IQ1_M,11008,4096,11008x4096,1,21410.331367,0.008424,,9863168,180355072,
libgguf_cpu,dequantize,1_thread,IQ1_M,11008,4096,11008x4096,1,47.059884,0.209588,3.832459,9863168,180355072,
libgguf_cpu,quantize,default,IQ1_M,11008,4096,11008x4096,1,2028.186614,0.088924,,9863168,180355072,
libgguf_cpu,dequantize,default,IQ1_M,11008,4096,11008x4096,1,21.557742,0.457523,8.366139,9863168,180355072,
cuda,quantize,,IQ4_NL,11008,4096,11008x4096,20,8.169773,22.075897,,25362432,180355072,
cuda,dequantize,,IQ4_NL,11008,4096,11008x4096,30,0.253037,100.232187,712.762220,25362432,180355072,
libgguf_cpu,quantize,1_thread,IQ4_NL,11008,4096,11008x4096,1,10565.839844,0.017070,,25362432,180355072,
libgguf_cpu,dequantize,1_thread,IQ4_NL,11008,4096,11008x4096,1,64.000098,0.396287,2.818044,25362432,180355072,
libgguf_cpu,quantize,default,IQ4_NL,11008,4096,11008x4096,1,803.720115,0.224400,,25362432,180355072,
libgguf_cpu,dequantize,default,IQ4_NL,11008,4096,11008x4096,1,18.338556,1.383011,9.834748,25362432,180355072,
cuda,quantize,,IQ4_XS,11008,4096,11008x4096,20,8.388045,21.501444,,23953408,180355072,
cuda,dequantize,,IQ4_XS,11008,4096,11008x4096,30,0.252655,94.806809,713.839501,23953408,180355072,
libgguf_cpu,quantize,1_thread,IQ4_XS,11008,4096,11008x4096,1,10374.922659,0.017384,,23953408,180355072,
libgguf_cpu,dequantize,1_thread,IQ4_XS,11008,4096,11008x4096,1,67.245825,0.356207,2.682026,23953408,180355072,
libgguf_cpu,quantize,default,IQ4_XS,11008,4096,11008x4096,1,792.986434,0.227438,,23953408,180355072,
libgguf_cpu,dequantize,default,IQ4_XS,11008,4096,11008x4096,1,18.422664,1.300214,9.789847,23953408,180355072,
cuda,quantize,,MXFP4,11008,4096,11008x4096,20,1.959731,92.030511,,23953408,180355072,
cuda,dequantize,,MXFP4,11008,4096,11008x4096,30,0.310374,77.175853,581.088774,23953408,180355072,
libgguf_cpu,quantize,1_thread,MXFP4,11008,4096,11008x4096,1,126.877717,1.421487,,23953408,180355072,
libgguf_cpu,dequantize,1_thread,MXFP4,11008,4096,11008x4096,1,65.373789,0.366407,2.758828,23953408,180355072,
libgguf_cpu,quantize,default,MXFP4,11008,4096,11008x4096,1,16.621807,10.850509,,23953408,180355072,
libgguf_cpu,dequantize,default,MXFP4,11008,4096,11008x4096,1,19.221999,1.246146,9.382743,23953408,180355072,
cuda,quantize,,NVFP4,11008,4096,11008x4096,20,3.180032,56.714861,,25362432,180355072,
cuda,dequantize,,NVFP4,11008,4096,11008x4096,30,0.324635,78.126071,555.563172,25362432,180355072,
libgguf_cpu,quantize,1_thread,NVFP4,11008,4096,11008x4096,1,155.147788,1.162473,,25362432,180355072,
libgguf_cpu,dequantize,1_thread,NVFP4,11008,4096,11008x4096,1,65.256860,0.388655,2.763772,25362432,180355072,
libgguf_cpu,quantize,default,NVFP4,11008,4096,11008x4096,1,16.849246,10.704044,,25362432,180355072,
libgguf_cpu,dequantize,default,NVFP4,11008,4096,11008x4096,1,19.335787,1.311683,9.327527,25362432,180355072,
cuda,quantize,,Q1_0,11008,4096,11008x4096,20,0.973261,185.310119,,6340608,180355072,
cuda,dequantize,,Q1_0,11008,4096,11008x4096,30,0.269278,23.546711,669.773122,6340608,180355072,
libgguf_cpu,quantize,1_thread,Q1_0,11008,4096,11008x4096,1,33.887571,5.322160,,6340608,180355072,
libgguf_cpu,dequantize,1_thread,Q1_0,11008,4096,11008x4096,1,72.779194,0.087121,2.478113,6340608,180355072,
libgguf_cpu,quantize,default,Q1_0,11008,4096,11008x4096,1,20.753617,8.690296,,6340608,180355072,
libgguf_cpu,dequantize,default,Q1_0,11008,4096,11008x4096,1,21.791049,0.290973,8.276567,6340608,180355072,
cuda,quantize,,Q2_K,11008,4096,11008x4096,20,1.555456,115.949969,,14794752,180355072,
cuda,dequantize,,Q2_K,11008,4096,11008x4096,30,0.241801,61.185771,745.883689,14794752,180355072,
libgguf_cpu,quantize,1_thread,Q2_K,11008,4096,11008x4096,1,2590.910772,0.069611,,14794752,180355072,
libgguf_cpu,dequantize,1_thread,Q2_K,11008,4096,11008x4096,1,54.770947,0.270120,3.292897,14794752,180355072,
libgguf_cpu,quantize,default,Q2_K,11008,4096,11008x4096,1,192.885421,0.935037,,14794752,180355072,
libgguf_cpu,dequantize,default,Q2_K,11008,4096,11008x4096,1,19.543116,0.757031,9.228573,14794752,180355072,
cuda,quantize,,Q3_K,11008,4096,11008x4096,20,2.453299,73.515320,,19374080,180355072,
cuda,dequantize,,Q3_K,11008,4096,11008x4096,30,0.245248,78.997912,735.398748,19374080,180355072,
libgguf_cpu,quantize,1_thread,Q3_K,11008,4096,11008x4096,1,234.319805,0.769696,,19374080,180355072,
libgguf_cpu,dequantize,1_thread,Q3_K,11008,4096,11008x4096,1,71.661453,0.270356,2.516765,19374080,180355072,
libgguf_cpu,quantize,default,Q3_K,11008,4096,11008x4096,1,16.888166,10.679376,,19374080,180355072,
libgguf_cpu,dequantize,default,Q3_K,11008,4096,11008x4096,1,17.869488,1.084199,10.092907,19374080,180355072,
cuda,quantize,,Q4_0,11008,4096,11008x4096,20,0.384355,469.240605,,25362432,180355072,
cuda,dequantize,,Q4_0,11008,4096,11008x4096,30,0.252245,100.546686,714.998654,25362432,180355072,
libgguf_cpu,quantize,1_thread,Q4_0,11008,4096,11008x4096,1,33.343874,5.408942,,25362432,180355072,
libgguf_cpu,dequantize,1_thread,Q4_0,11008,4096,11008x4096,1,22.599814,1.122241,7.980379,25362432,180355072,
libgguf_cpu,quantize,default,Q4_0,11008,4096,11008x4096,1,16.786186,10.744256,,25362432,180355072,
libgguf_cpu,dequantize,default,Q4_0,11008,4096,11008x4096,1,18.557994,1.366658,9.718457,25362432,180355072,
cuda,quantize,,Q4_1,11008,4096,11008x4096,20,0.417997,431.474780,,28180480,180355072,
cuda,dequantize,,Q4_1,11008,4096,11008x4096,30,0.255590,110.256407,705.641006,28180480,180355072,
libgguf_cpu,quantize,1_thread,Q4_1,11008,4096,11008x4096,1,33.273006,5.420462,,28180480,180355072,
libgguf_cpu,dequantize,1_thread,Q4_1,11008,4096,11008x4096,1,23.452157,1.201616,7.690340,28180480,180355072,
libgguf_cpu,quantize,default,Q4_1,11008,4096,11008x4096,1,16.396869,10.999360,,28180480,180355072,
libgguf_cpu,dequantize,default,Q4_1,11008,4096,11008x4096,1,19.450837,1.448806,9.272355,28180480,180355072,
cuda,quantize,,Q4_K,11008,4096,11008x4096,20,2.161454,83.441535,,25362432,180355072,
cuda,dequantize,,Q4_K,11008,4096,11008x4096,30,0.252041,100.628387,715.579643,25362432,180355072,
libgguf_cpu,quantize,1_thread,Q4_K,11008,4096,11008x4096,1,2734.307748,0.065960,,25362432,180355072,
libgguf_cpu,dequantize,1_thread,Q4_K,11008,4096,11008x4096,1,26.008948,0.975143,6.934347,25362432,180355072,
libgguf_cpu,quantize,default,Q4_K,11008,4096,11008x4096,1,199.304073,0.904924,,25362432,180355072,
libgguf_cpu,dequantize,default,Q4_K,11008,4096,11008x4096,1,19.976993,1.269582,9.028139,25362432,180355072,
cuda,quantize,,Q5_0,11008,4096,11008x4096,20,0.754432,239.060736,,30998528,180355072,
cuda,dequantize,,Q5_0,11008,4096,11008x4096,30,0.258628,119.857460,697.352497,30998528,180355072,
libgguf_cpu,quantize,1_thread,Q5_0,11008,4096,11008x4096,1,56.251436,3.206231,,30998528,180355072,
libgguf_cpu,dequantize,1_thread,Q5_0,11008,4096,11008x4096,1,54.792226,0.565747,3.291618,30998528,180355072,
libgguf_cpu,quantize,default,Q5_0,11008,4096,11008x4096,1,16.247040,11.100796,,30998528,180355072,
libgguf_cpu,dequantize,default,Q5_0,11008,4096,11008x4096,1,18.813122,1.647708,9.586664,30998528,180355072,
cuda,quantize,,Q5_1,11008,4096,11008x4096,20,0.548813,328.627659,,33816576,180355072,
cuda,dequantize,,Q5_1,11008,4096,11008x4096,30,0.261598,129.269309,689.436312,33816576,180355072,
libgguf_cpu,quantize,1_thread,Q5_1,11008,4096,11008x4096,1,70.868519,2.544925,,33816576,180355072,
libgguf_cpu,dequantize,1_thread,Q5_1,11008,4096,11008x4096,1,56.546774,0.598028,3.189485,33816576,180355072,
libgguf_cpu,quantize,default,Q5_1,11008,4096,11008x4096,1,18.991971,9.496385,,33816576,180355072,
libgguf_cpu,dequantize,default,Q5_1,11008,4096,11008x4096,1,23.095770,1.464189,7.809009,33816576,180355072,
cuda,quantize,,Q5_K,11008,4096,11008x4096,20,2.590370,69.625227,,30998528,180355072,
cuda,dequantize,,Q5_K,11008,4096,11008x4096,30,0.258799,119.778423,696.892641,30998528,180355072,
libgguf_cpu,quantize,1_thread,Q5_K,11008,4096,11008x4096,1,2136.186709,0.084429,,30998528,180355072,
libgguf_cpu,dequantize,1_thread,Q5_K,11008,4096,11008x4096,1,24.576309,1.261317,7.338574,30998528,180355072,
libgguf_cpu,quantize,default,Q5_K,11008,4096,11008x4096,1,105.924880,1.702670,,30998528,180355072,
libgguf_cpu,dequantize,default,Q5_K,11008,4096,11008x4096,1,20.628548,1.502700,8.742984,30998528,180355072,
cuda,quantize,,Q6_K,11008,4096,11008x4096,20,1.939200,93.004884,,36986880,180355072,
cuda,dequantize,,Q6_K,11008,4096,11008x4096,30,0.269449,137.268811,669.348869,36986880,180355072,
libgguf_cpu,quantize,1_thread,Q6_K,11008,4096,11008x4096,1,1729.489933,0.104282,,36986880,180355072,
libgguf_cpu,dequantize,1_thread,Q6_K,11008,4096,11008x4096,1,63.914500,0.578693,2.821818,36986880,180355072,
libgguf_cpu,quantize,default,Q6_K,11008,4096,11008x4096,1,98.328096,1.834217,,36986880,180355072,
libgguf_cpu,dequantize,default,Q6_K,11008,4096,11008x4096,1,20.163052,1.834389,8.944830,36986880,180355072,
cuda,quantize,,Q8_0,11008,4096,11008x4096,20,1.053901,171.130973,,47906816,180355072,
cuda,dequantize,,Q8_0,11008,4096,11008x4096,30,0.277231,172.804730,650.558983,47906816,180355072,
libgguf_cpu,quantize,1_thread,Q8_0,11008,4096,11008x4096,1,18.658543,9.666086,,47906816,180355072,
libgguf_cpu,dequantize,1_thread,Q8_0,11008,4096,11008x4096,1,22.687223,2.111621,7.949632,47906816,180355072,
libgguf_cpu,quantize,default,Q8_0,11008,4096,11008x4096,1,15.709534,11.480612,,47906816,180355072,
libgguf_cpu,dequantize,default,Q8_0,11008,4096,11008x4096,1,18.310646,2.616337,9.849738,47906816,180355072,
cuda,quantize,,TQ1_0,11008,4096,11008x4096,20,7.995192,22.557941,,9510912,180355072,
cuda,dequantize,,TQ1_0,11008,4096,11008x4096,30,0.363171,26.188509,496.611719,9510912,180355072,
libgguf_cpu,quantize,1_thread,TQ1_0,11008,4096,11008x4096,1,63.435943,2.843105,,9510912,180355072,
libgguf_cpu,dequantize,1_thread,TQ1_0,11008,4096,11008x4096,1,28.166983,0.337662,6.403067,9510912,180355072,
libgguf_cpu,quantize,default,TQ1_0,11008,4096,11008x4096,1,16.953315,10.638337,,9510912,180355072,
libgguf_cpu,dequantize,default,TQ1_0,11008,4096,11008x4096,1,19.301748,0.492749,9.343976,9510912,180355072,
cuda,quantize,,TQ2_0,11008,4096,11008x4096,20,8.889754,20.287972,,11624448,180355072,
cuda,dequantize,,TQ2_0,11008,4096,11008x4096,30,0.271661,42.790302,663.898026,11624448,180355072,
libgguf_cpu,quantize,1_thread,TQ2_0,11008,4096,11008x4096,1,38.628946,4.668910,,11624448,180355072,
libgguf_cpu,dequantize,1_thread,TQ2_0,11008,4096,11008x4096,1,22.564034,0.515176,7.993033,11624448,180355072,
libgguf_cpu,quantize,default,TQ2_0,11008,4096,11008x4096,1,18.129776,9.948003,,11624448,180355072,
libgguf_cpu,dequantize,default,TQ2_0,11008,4096,11008x4096,1,21.016675,0.553106,8.581523,11624448,180355072,
